name,09/30/2023,09/30/2022,09/30/2021,09/30/2020,09/30/2019,09/30/2018,09/30/2017,09/30/2016,09/30/2015,09/30/2014,09/30/2013,09/30/2012,09/30/2011,09/30/2010,09/30/2009,09/30/2008,09/30/2007,09/30/2006,09/30/2005,09/30/2004,09/30/2003,09/30/2002,09/30/2001,09/30/2000,09/30/1999,09/30/1998,09/30/1997,09/30/1996,09/30/1995,09/30/1994,09/30/1993,09/30/1992,09/30/1991,09/30/1990,09/30/1989,09/30/1988,09/30/1987,09/30/1986,09/30/1985
TotalAssets,"205,579,000,000","203,631,000,000","203,609,000,000","201,549,000,000","193,984,000,000","98,598,000,000","95,789,000,000","92,033,000,000","88,182,000,000","84,141,000,000","81,241,000,000","74,898,000,000","72,124,000,000","69,206,000,000","63,117,000,000","62,497,000,000","60,928,000,000","59,998,000,000","53,158,000,000","53,902,000,000","49,988,000,000","50,045,000,000","43,810,000,000","45,027,000,000","43,679,000,000","41,378,000,000","38,497,000,000","36,626,000,000","14,606,000,000","12,826,300,000","11,751,100,000","10,861,700,000","9,428,500,000","8,022,300,000","6,657,200,000","5,108,900,000","3,806,300,000","3,121,000,000","2,897,300,000"
	CurrentAssets,"32,763,000,000","29,098,000,000","33,657,000,000","35,251,000,000","28,124,000,000","16,825,000,000","15,889,000,000","16,966,000,000","16,758,000,000","15,169,000,000","14,109,000,000","13,709,000,000","13,757,000,000","12,225,000,000","11,889,000,000","11,666,000,000","11,314,000,000","9,562,000,000","8,845,000,000","9,369,000,000","8,314,000,000","7,849,000,000","6,605,000,000","7,563,000,000","10,200,000,000","9,375,000,000","7,653,000,000","8,840,000,000","6,659,000,000","5,445,100,000","5,611,600,000","4,694,000,000","3,108,300,000","2,528,600,000","2,175,900,000","0","0","0","0"
		CashCashEquivalentsAndShortTermInvestments,"14,182,000,000","11,615,000,000","15,959,000,000","17,914,000,000","5,418,000,000","4,150,000,000","4,017,000,000","4,610,000,000","4,269,000,000","3,421,000,000","3,931,000,000","3,387,000,000","3,185,000,000","2,722,000,000","3,417,000,000","3,001,000,000","3,670,000,000","2,411,000,000","1,723,000,000","2,042,000,000","1,583,000,000","1,239,000,000","618,000,000","842,000,000","414,000,000","127,000,000","317,000,000","278,000,000","1,077,000,000","186,900,000","363,000,000","764,800,000","886,100,000","819,800,000","380,800,000",,,,
			CashAndCashEquivalents,"14,182,000,000","11,615,000,000","15,959,000,000","17,914,000,000","5,418,000,000","4,150,000,000","4,017,000,000","4,610,000,000","4,269,000,000","3,421,000,000","3,931,000,000","3,387,000,000","3,185,000,000","2,722,000,000","3,417,000,000","3,001,000,000","3,670,000,000","2,411,000,000","1,723,000,000","2,042,000,000","1,583,000,000","1,239,000,000","618,000,000","842,000,000","414,000,000","127,000,000","317,000,000","278,000,000","1,077,000,000","186,900,000","363,000,000","764,800,000","886,100,000","819,800,000","380,800,000",,,,
		Receivables,"12,330,000,000","12,652,000,000","13,367,000,000","12,708,000,000","15,481,000,000","9,334,000,000","8,633,000,000","9,065,000,000","8,019,000,000","7,822,000,000","6,967,000,000","6,540,000,000","6,182,000,000","5,784,000,000","4,854,000,000","5,373,000,000","5,032,000,000","4,707,000,000","4,585,000,000","4,558,000,000","4,238,000,000","4,049,000,000","3,343,000,000","3,599,000,000","3,633,000,000","3,999,000,000","3,329,000,000","3,343,000,000","1,793,000,000","1,670,500,000","1,390,300,000","1,298,900,000","1,128,200,000","851,500,000","908,500,000",,,,
			AccountsReceivable,"10,179,000,000","10,811,000,000","11,177,000,000","11,299,000,000","12,930,000,000","8,268,000,000","7,611,000,000","8,458,000,000","7,613,000,000","7,428,000,000","6,694,000,000","6,313,000,000","5,947,000,000","5,454,000,000","4,854,000,000","5,373,000,000","5,032,000,000","4,707,000,000","4,585,000,000","4,255,000,000","4,018,000,000","3,960,000,000","3,120,000,000","3,416,000,000","3,633,000,000","3,999,000,000",,,,,,,,,,,,,
			OtherReceivables,"2,266,000,000","1,999,000,000","2,360,000,000","1,835,000,000","2,894,000,000","1,258,000,000","1,209,000,000","760,000,000","563,000,000","548,000,000","428,000,000","388,000,000","496,000,000","656,000,000",,,,,,"303,000,000","220,000,000","89,000,000","223,000,000","183,000,000",,,,,,,,,,,,,,,
			ReceivablesAdjustmentsAllowances,"-115,000,000","-158,000,000","-170,000,000","-426,000,000","-343,000,000","-192,000,000","-187,000,000","-153,000,000","-157,000,000","-154,000,000","-155,000,000","-161,000,000","-261,000,000","-326,000,000",,,,,,,,,,,,,,,,,,,,,,,,,
		Inventory,"1,963,000,000","1,742,000,000","1,331,000,000","1,583,000,000","1,649,000,000","1,392,000,000","1,373,000,000","1,390,000,000","1,571,000,000","1,574,000,000","1,487,000,000","1,537,000,000","1,595,000,000","1,442,000,000","1,271,000,000","1,124,000,000","641,000,000","694,000,000","626,000,000","775,000,000","703,000,000","697,000,000","671,000,000","702,000,000","796,000,000","899,000,000","853,000,000","951,000,000","824,000,000","668,300,000","608,900,000","462,800,000","311,600,000","269,200,000","224,300,000",,,,
		PrepaidAssets,"3,002,000,000","1,890,000,000","2,183,000,000","2,171,000,000","4,597,000,000","1,314,000,000","1,723,000,000","1,657,000,000","1,639,000,000","1,486,000,000","1,077,000,000","1,145,000,000","449,000,000","446,000,000","464,000,000","478,000,000","446,000,000",,,"512,000,000","484,000,000","492,000,000","444,000,000","493,000,000",,,,,,,,,,,,,,,
		CurrentDeferredAssets,,,,,"4,597,000,000","1,314,000,000","1,278,000,000","1,208,000,000","767,000,000","497,000,000","485,000,000","765,000,000","1,487,000,000","1,018,000,000","1,140,000,000","1,024,000,000","862,000,000","592,000,000","749,000,000","772,000,000","674,000,000","624,000,000","622,000,000","623,000,000",,,,,,,,,,,,,,,
			CurrentDeferredTaxesAssets,,,,,,,,,"767,000,000","497,000,000","485,000,000","765,000,000","1,487,000,000","1,018,000,000","1,140,000,000","1,024,000,000","862,000,000","592,000,000","749,000,000","772,000,000","674,000,000","624,000,000","622,000,000","623,000,000",,,,,,,,,,,,,,,
		OtherCurrentAssets,"1,286,000,000","1,199,000,000","817,000,000","875,000,000","979,000,000","635,000,000","143,000,000","244,000,000","493,000,000","369,000,000","162,000,000","335,000,000","859,000,000","813,000,000","743,000,000","666,000,000","663,000,000","1,158,000,000","1,162,000,000","1,222,000,000","632,000,000","748,000,000","907,000,000","1,304,000,000","5,357,000,000","4,350,000,000","3,154,000,000","4,268,000,000","2,965,000,000","2,919,400,000","3,249,400,000","2,167,500,000","782,400,000","588,100,000","662,300,000",,,,
	TotalNonCurrentAssets,"172,816,000,000","174,533,000,000","169,952,000,000","166,298,000,000","165,860,000,000","81,773,000,000","79,900,000,000","75,067,000,000","71,424,000,000","68,972,000,000","67,132,000,000","61,189,000,000","58,367,000,000","56,981,000,000","51,228,000,000","50,831,000,000","49,614,000,000","50,436,000,000","44,313,000,000","44,533,000,000","41,674,000,000","42,196,000,000","37,205,000,000","37,464,000,000","33,479,000,000","32,003,000,000","30,844,000,000","27,786,000,000","7,947,000,000","7,381,200,000","6,139,500,000","6,167,700,000","6,320,200,000","5,493,700,000","4,481,300,000","5,108,900,000","3,806,300,000","3,121,000,000","2,897,300,000"
		NetPPE,"34,941,000,000","33,596,000,000","32,624,000,000","32,078,000,000","31,603,000,000","29,540,000,000","28,406,000,000","27,349,000,000","25,179,000,000","23,332,000,000","22,380,000,000","21,512,000,000","19,695,000,000","17,806,000,000","17,597,000,000","17,532,000,000","17,433,000,000","17,167,000,000","16,968,000,000","16,482,000,000","12,678,000,000","12,780,000,000","12,907,000,000","12,310,000,000","11,346,000,000","10,346,000,000","8,951,000,000","8,031,000,000","6,190,000,000","5,814,500,000","5,228,200,000","4,798,700,000","4,571,600,000","3,910,500,000","3,397,300,000",,,,
			GrossPPE,"77,551,000,000","72,952,000,000","70,544,000,000","67,595,000,000","64,018,000,000","60,304,000,000","57,443,000,000","54,198,000,000","50,023,000,000","47,054,000,000","44,839,000,000","42,199,000,000","39,267,000,000","36,179,000,000","34,992,000,000","33,842,000,000","32,578,000,000","30,948,000,000","29,573,000,000","28,147,000,000","21,472,000,000","20,913,000,000","20,635,000,000","19,202,000,000","17,566,000,000","15,728,000,000","13,808,000,000","12,479,000,000","9,229,000,000","8,441,600,000","7,514,600,000","6,798,300,000","6,239,400,000","5,315,600,000","4,614,600,000",,,,
				Properties,"0","0","0","0","0","0","0","0","0","0","0","0","0","0","0","0","0","0","0","0","0","0","0","0",,,,,,,,,,,,,,,
				LandAndImprovements,"8,595,000,000","8,897,000,000","8,192,000,000","1,035,000,000","1,165,000,000","7,035,000,000","6,848,000,000","5,842,000,000","1,250,000,000","5,504,000,000","5,336,000,000","5,055,000,000","4,854,000,000","4,782,000,000","4,792,000,000","4,937,000,000","4,802,000,000","1,192,000,000","1,129,000,000","1,127,000,000","3,039,000,000","848,000,000","635,000,000","597,000,000",,,,,,,,,,,,,,,
				BuildingsAndImprovements,,,"64,892,000,000","62,111,000,000","58,589,000,000","28,995,000,000","28,644,000,000","27,930,000,000","42,745,000,000","21,539,000,000","21,195,000,000","19,678,000,000","17,662,000,000","15,998,000,000","15,929,000,000","15,444,000,000","15,357,000,000",,,,"599,000,000","9,671,000,000",,,,,,,,,,,,,,,,,
				MachineryFurnitureEquipment,"26,358,000,000","24,409,000,000","24,008,000,000",,"21,265,000,000","19,400,000,000","18,908,000,000","16,912,000,000","16,068,000,000","15,701,000,000","15,135,000,000","14,317,000,000","13,476,000,000","12,575,000,000","12,228,000,000","11,739,000,000","11,272,000,000",,"27,570,000,000","25,168,000,000","16,758,000,000","18,917,000,000","19,089,000,000","16,610,000,000",,,,,,,,,,,,,,,
				OtherProperties,"35,255,000,000","33,795,000,000","32,765,000,000","62,111,000,000","58,589,000,000","28,995,000,000","28,644,000,000","27,930,000,000","42,745,000,000","21,539,000,000","21,195,000,000","19,678,000,000",,,,,,"28,843,000,000",,,,,,,,,,,,,,,,,,,,,
				ConstructionInProgress,"6,285,000,000","4,814,000,000","4,521,000,000","4,449,000,000","4,264,000,000","3,942,000,000","2,145,000,000","2,684,000,000","6,028,000,000","3,553,000,000","2,476,000,000","2,453,000,000","2,625,000,000","2,180,000,000","1,350,000,000","1,169,000,000","1,147,000,000","913,000,000","874,000,000","1,852,000,000","1,076,000,000","1,148,000,000","911,000,000","1,995,000,000",,,,,,,,,,,,,,,
				Leases,"1,058,000,000","1,037,000,000","1,058,000,000",,"1,166,000,000","932,000,000","898,000,000","830,000,000","769,000,000","757,000,000","697,000,000","696,000,000","650,000,000","644,000,000","693,000,000","553,000,000",,,,,,,,,,,,,,,,,,,,,,,
			AccumulatedDepreciation,"-42,610,000,000","-39,356,000,000","-37,920,000,000","-35,517,000,000","-32,415,000,000","-30,764,000,000","-29,037,000,000","-26,849,000,000","-24,844,000,000","-23,722,000,000","-22,459,000,000","-20,687,000,000","-19,572,000,000","-18,373,000,000","-17,395,000,000","-16,310,000,000","-15,145,000,000","-13,781,000,000","-12,605,000,000","-11,665,000,000","-8,794,000,000","-8,133,000,000","-7,728,000,000","-6,892,000,000","-6,220,000,000","-5,382,000,000","-4,857,000,000","-4,448,000,000","-3,039,000,000","-2,627,100,000","-2,286,400,000","-1,999,600,000","-1,667,800,000","-1,405,100,000","-1,217,300,000",,,,
		GoodwillAndOtherIntangibleAssets,"90,128,000,000","92,734,000,000","95,186,000,000","96,862,000,000","103,508,000,000","38,081,000,000","38,421,000,000","34,759,000,000","34,998,000,000","35,315,000,000","34,694,000,000","30,125,000,000","29,266,000,000","29,181,000,000","23,930,000,000","23,893,000,000","29,702,000,000","30,647,000,000","25,132,000,000","19,781,000,000","19,752,000,000","19,859,000,000","14,842,000,000","16,117,000,000","15,695,000,000","15,769,000,000","16,011,000,000","17,978,000,000",,,,,,,,,,,
			Goodwill,"77,067,000,000","77,897,000,000","78,071,000,000","77,689,000,000","80,293,000,000","31,269,000,000","31,426,000,000","27,810,000,000","27,826,000,000","27,881,000,000","27,324,000,000","25,110,000,000","24,145,000,000","24,100,000,000","21,683,000,000","21,465,000,000","22,085,000,000","22,505,000,000","16,974,000,000",,,,,,,,,,,,,,,,,,,,
			OtherIntangibleAssets,"13,061,000,000","14,837,000,000","17,115,000,000","19,173,000,000","23,215,000,000","6,812,000,000","6,995,000,000","6,949,000,000","7,172,000,000","7,434,000,000","7,370,000,000","5,015,000,000","5,121,000,000","5,081,000,000","2,247,000,000","2,428,000,000","7,617,000,000","8,142,000,000","8,158,000,000","19,781,000,000","19,752,000,000","19,859,000,000","14,842,000,000","16,117,000,000","15,695,000,000","15,769,000,000","16,011,000,000","17,978,000,000",,,,,,,,,,,
		InvestmentsAndAdvances,"3,080,000,000","3,218,000,000","3,935,000,000","3,903,000,000","3,224,000,000","2,899,000,000","3,202,000,000","4,280,000,000","2,643,000,000","2,696,000,000","2,849,000,000","2,723,000,000","2,435,000,000","2,513,000,000","2,554,000,000","2,249,000,000",,,,,,,,,,,,,,,,,,,,,,,
			LongTermEquityInvestment,"2,688,000,000","2,678,000,000","2,638,000,000","2,632,000,000","2,922,000,000","2,768,000,000","3,087,000,000","4,082,000,000",,,,,,,,,,,,,,,,,,,,,,,,,,,,,,,
			InvestmentinFinancialAssets,"392,000,000","540,000,000","1,297,000,000","1,271,000,000","302,000,000","131,000,000","115,000,000","198,000,000",,,,,,,,,,,,,,,,,,,,,,,,,,,,,,,
				AvailableForSaleSecurities,,,,,,"131,000,000","115,000,000","198,000,000",,,,,,,,,,,,,,,,,,,,,,,,,,,,,,,
		NonCurrentAccountsReceivable,,,,,,"1,928,000,000","1,688,000,000","1,651,000,000","1,589,000,000","1,485,000,000","1,547,000,000","1,645,000,000","1,683,000,000","1,275,000,000","1,225,000,000",,,,,,,,,,,,,,,,,,,,,,,,
		NonCurrentDeferredAssets,"33,591,000,000","35,777,000,000","29,549,000,000","25,022,000,000","22,810,000,000","7,888,000,000","7,481,000,000","6,339,000,000","6,183,000,000","5,325,000,000","4,783,000,000","4,541,000,000",,,,,,,,,,,,,,,,,,,,,,,,,,,
		NonCurrentPrepaidAssets,,,,,,"919,000,000","233,000,000","229,000,000","211,000,000","212,000,000","190,000,000","194,000,000","177,000,000","127,000,000","136,000,000",,,,,,,,,,,,,,,,,,,,,,,,
		OtherNonCurrentAssets,"11,076,000,000","9,208,000,000","8,658,000,000","8,433,000,000","4,715,000,000","3,365,000,000","469,000,000","460,000,000","621,000,000","607,000,000","689,000,000","449,000,000","5,111,000,000","6,079,000,000","5,786,000,000","7,157,000,000","2,479,000,000","2,622,000,000","2,213,000,000","8,270,000,000","9,244,000,000","9,557,000,000","9,456,000,000","9,037,000,000","6,438,000,000","5,888,000,000","5,882,000,000","1,777,000,000","1,757,000,000","1,566,700,000","911,300,000","1,369,000,000","1,748,600,000","1,583,200,000","1,084,000,000",,,,
TotalLiabilitiesNetMinorityInterest,"92,567,000,000","95,253,000,000","101,385,000,000","104,037,000,000","91,132,000,000","44,643,000,000","49,637,000,000","44,710,000,000","39,527,000,000","35,963,000,000","33,091,000,000","32,940,000,000","32,671,000,000","29,864,000,000","27,692,000,000","28,830,000,000","28,880,000,000","26,835,000,000","25,700,000,000","27,023,000,000","25,769,000,000","26,166,000,000","20,756,000,000","20,571,000,000","22,704,000,000","21,990,000,000","21,212,000,000","20,540,000,000","7,955,000,000","7,318,000,000","6,720,600,000","6,157,100,000","5,557,200,000","4,533,700,000","3,613,200,000","2,749,600,000","1,960,900,000","1,702,300,000","1,712,400,000"
	CurrentLiabilities,"31,139,000,000","29,073,000,000","31,077,000,000","26,628,000,000","31,341,000,000","17,860,000,000","19,595,000,000","16,842,000,000","16,334,000,000","13,292,000,000","11,704,000,000","12,813,000,000","12,088,000,000","11,000,000,000","8,934,000,000","11,591,000,000","11,391,000,000","10,210,000,000","9,168,000,000","11,059,000,000","8,669,000,000","7,819,000,000","6,020,000,000","8,402,000,000","7,707,000,000","7,525,000,000","6,276,000,000","10,580,000,000","3,043,000,000","2,859,800,000","2,821,100,000","2,354,300,000","1,858,900,000","1,695,700,000","1,776,100,000","0","0","0","0"
		PayablesAndAccruedExpenses,"20,671,000,000","20,213,000,000","20,894,000,000","16,801,000,000","17,762,000,000","9,479,000,000","8,855,000,000","9,130,000,000","7,844,000,000","7,595,000,000","6,803,000,000","6,393,000,000","4,894,000,000","4,413,000,000","5,616,000,000","5,980,000,000","5,949,000,000","5,917,000,000","5,339,000,000","5,623,000,000","4,095,000,000","3,820,000,000","3,623,000,000","4,278,000,000","3,628,000,000","3,792,000,000","4,748,000,000","5,694,000,000","2,843,000,000","2,474,800,000","2,530,100,000","1,791,900,000","1,433,800,000","1,158,100,000","1,011,400,000",,,,
			Payables,"17,401,000,000","16,583,000,000","16,357,000,000","13,183,000,000","13,778,000,000","6,503,000,000","6,305,000,000","6,860,000,000","5,504,000,000","5,371,000,000","4,899,000,000","4,619,000,000","4,894,000,000","4,413,000,000","4,357,000,000","4,355,000,000","3,996,000,000","5,917,000,000","5,339,000,000","5,623,000,000","4,095,000,000","3,820,000,000","3,623,000,000","4,278,000,000","3,628,000,000","3,792,000,000","4,748,000,000","5,694,000,000","2,843,000,000","2,474,800,000","2,530,100,000","1,791,900,000","1,433,800,000","1,158,100,000","1,011,400,000",,,,
				AccountsPayable,"15,125,000,000","16,205,000,000","16,357,000,000","13,183,000,000","13,778,000,000","6,503,000,000","6,305,000,000","6,860,000,000","5,504,000,000","5,371,000,000","4,899,000,000","4,619,000,000","4,546,000,000","4,413,000,000","4,002,000,000","4,355,000,000","3,996,000,000","5,917,000,000","5,339,000,000","5,623,000,000","4,095,000,000","3,820,000,000","3,623,000,000","4,278,000,000","3,628,000,000","3,792,000,000","4,748,000,000","5,694,000,000","2,843,000,000","2,474,800,000","2,530,100,000","1,791,900,000","1,433,800,000","1,158,100,000","1,011,400,000",,,,
				TotalTaxPayable,"2,276,000,000","378,000,000",,,,,,,,,,,,,,,,,,,,,,,,,,,,,,,,,,,,,
					IncomeTaxPayable,"2,276,000,000","378,000,000",,,,,,,,,,,,,,,,,,,,,,,,,,,,,,,,,,,,,
				OtherPayable,,,,,,,,,,,,"253,000,000","348,000,000","212,000,000","355,000,000",,,,,,,,,,,,,,,,,,,,,,,,
			CurrentAccruedExpenses,"3,270,000,000","3,630,000,000","4,537,000,000","3,618,000,000","3,984,000,000","2,976,000,000","2,550,000,000","2,270,000,000","2,340,000,000","2,224,000,000","1,904,000,000","1,774,000,000",,"1,484,000,000","1,259,000,000","1,625,000,000","1,953,000,000",,,,,,,,,,,,,,,,,,,,,,
		PensionandOtherPostRetirementBenefitPlansCurrent,,,,,,,,,,,,"1,521,000,000","1,468,000,000","1,484,000,000",,,,,,,,,,,,,,,,,,,,,,,,,
		CurrentDebtAndCapitalLeaseObligation,"4,330,000,000","3,070,000,000","5,866,000,000","5,711,000,000","8,857,000,000","3,790,000,000","6,172,000,000","3,687,000,000","4,563,000,000","2,164,000,000","1,512,000,000","3,614,000,000","3,055,000,000","2,350,000,000","1,206,000,000","3,529,000,000","3,280,000,000","2,682,000,000","2,310,000,000","4,093,000,000","2,457,000,000","1,663,000,000","829,000,000","2,502,000,000","2,415,000,000","2,123,000,000","897,000,000","4,304,000,000",,"117,600,000",,"181,400,000","128,900,000","337,300,000","513,800,000",,,,
			CurrentDebt,"4,330,000,000","3,070,000,000","5,866,000,000","5,711,000,000","8,857,000,000","3,790,000,000","6,172,000,000","3,687,000,000","4,563,000,000","2,164,000,000","1,512,000,000","3,614,000,000","3,055,000,000","2,350,000,000","1,206,000,000","3,529,000,000","3,280,000,000","2,682,000,000","2,310,000,000","4,093,000,000","2,457,000,000","1,663,000,000","829,000,000","2,502,000,000","2,415,000,000","2,123,000,000","897,000,000","4,304,000,000",,"117,600,000",,"181,400,000","128,900,000","337,300,000","513,800,000",,,,
		CurrentDeferredLiabilities,"6,138,000,000","5,790,000,000","4,317,000,000","4,116,000,000","4,722,000,000","4,591,000,000","4,568,000,000","4,025,000,000","3,927,000,000","3,533,000,000","3,389,000,000","2,806,000,000","2,671,000,000","2,541,000,000","2,112,000,000","2,082,000,000",,,,,,,,,,,,,,,,,,,,,,,
			CurrentDeferredRevenue,"6,138,000,000","5,790,000,000","4,317,000,000","4,116,000,000","4,722,000,000","4,591,000,000","4,568,000,000","4,025,000,000","3,927,000,000","3,533,000,000","3,389,000,000","2,806,000,000","2,671,000,000","2,541,000,000","2,112,000,000","2,082,000,000",,,,,,,,,,,,,,,,,,,,,,,
		OtherCurrentLiabilities,"6,138,000,000","5,790,000,000","4,317,000,000","4,116,000,000","4,722,000,000","4,591,000,000","4,568,000,000","4,025,000,000",,,,,"348,000,000","212,000,000",,"2,082,000,000","2,162,000,000","1,611,000,000","1,519,000,000","1,343,000,000","2,117,000,000","2,336,000,000","1,568,000,000","1,622,000,000","1,664,000,000","1,610,000,000","631,000,000","582,000,000","200,000,000","267,400,000","291,000,000","381,000,000","296,200,000","200,300,000","250,900,000",,,,
	TotalNonCurrentLiabilitiesNetMinorityInterest,"61,428,000,000","66,180,000,000","70,308,000,000","77,409,000,000","59,791,000,000","26,783,000,000","30,042,000,000","27,868,000,000","23,193,000,000","22,671,000,000","21,387,000,000","20,127,000,000","20,583,000,000","18,864,000,000","18,758,000,000","17,239,000,000","17,489,000,000","16,625,000,000","16,532,000,000","15,964,000,000","17,100,000,000","18,347,000,000","14,736,000,000","12,169,000,000","14,997,000,000","14,465,000,000","14,936,000,000","9,960,000,000","4,912,000,000","4,458,200,000","3,899,500,000","3,802,800,000","3,698,300,000","2,838,000,000","1,837,100,000","2,749,600,000","1,960,900,000","1,702,300,000","1,712,400,000"
		LongTermDebtAndCapitalLeaseObligation,"45,565,000,000","48,538,000,000","51,769,000,000","55,828,000,000","38,129,000,000","17,084,000,000","19,119,000,000","16,483,000,000","12,773,000,000","12,631,000,000","12,776,000,000","10,981,000,000","11,210,000,000","10,354,000,000","11,721,000,000","11,351,000,000","12,166,000,000","10,843,000,000","10,157,000,000","9,395,000,000","10,643,000,000","12,467,000,000","8,940,000,000","6,959,000,000","9,278,000,000","9,562,000,000","10,171,000,000","8,038,000,000","2,984,000,000","2,819,300,000","2,385,800,000","2,041,000,000","2,084,900,000","1,247,300,000","346,800,000","423,800,000","529,500,000","540,000,000","823,100,000"
			LongTermDebt,"42,101,000,000","45,299,000,000","48,540,000,000","52,917,000,000","38,129,000,000","17,084,000,000","19,119,000,000","16,483,000,000","12,773,000,000","12,631,000,000","12,776,000,000","10,697,000,000","10,922,000,000","10,130,000,000","11,495,000,000","11,110,000,000","11,892,000,000","10,843,000,000","10,157,000,000","9,395,000,000","10,643,000,000","12,467,000,000","8,940,000,000","6,959,000,000","9,278,000,000","9,562,000,000","10,171,000,000","8,038,000,000","2,984,000,000","2,819,300,000","2,385,800,000","2,041,000,000","2,084,900,000","1,247,300,000","346,800,000","423,800,000","529,500,000","540,000,000","823,100,000"
			LongTermCapitalLeaseObligation,"3,464,000,000","3,239,000,000","3,229,000,000","2,911,000,000",,,,,,,"274,000,000","284,000,000","288,000,000","224,000,000","226,000,000","241,000,000","274,000,000",,,"339,000,000",,,,,,,,,,,,,,,,,,,
		NonCurrentDeferredLiabilities,"7,258,000,000","8,363,000,000","7,246,000,000","7,288,000,000","7,902,000,000","3,109,000,000","4,480,000,000","3,679,000,000","4,051,000,000","4,098,000,000","4,050,000,000","2,526,000,000","3,099,000,000","2,874,000,000","2,069,000,000","2,670,000,000","2,573,000,000","2,651,000,000","2,430,000,000","2,950,000,000","2,712,000,000","2,597,000,000","2,729,000,000","2,833,000,000","2,660,000,000","2,488,000,000","2,161,000,000","743,000,000","1,067,000,000","939,000,000","673,000,000","889,000,000","753,900,000","748,800,000","577,600,000",,,,
			NonCurrentDeferredTaxesLiabilities,"7,258,000,000","8,363,000,000","7,246,000,000","7,288,000,000","7,902,000,000","3,109,000,000","4,480,000,000","3,679,000,000","4,051,000,000","4,098,000,000","4,050,000,000","2,251,000,000","2,866,000,000","2,630,000,000","1,819,000,000","2,350,000,000","2,573,000,000","2,651,000,000","2,430,000,000","2,950,000,000","2,712,000,000","2,597,000,000","2,729,000,000","2,833,000,000","2,660,000,000","2,488,000,000","2,161,000,000","743,000,000","1,067,000,000","939,000,000","673,000,000","889,000,000","753,900,000","748,800,000","577,600,000",,,,
			NonCurrentDeferredRevenue,,,,,,,,,,,"298,000,000","275,000,000","233,000,000","244,000,000","250,000,000","320,000,000",,,,,,,,,,,,,,,,,,,,,,,
		EmployeeBenefits,,"1,940,000,000","4,132,000,000","6,451,000,000","4,783,000,000","2,712,000,000","3,281,000,000","5,184,000,000","3,940,000,000","3,481,000,000","2,091,000,000","4,828,000,000","4,223,000,000","3,378,000,000","3,069,000,000","1,157,000,000",,,,,,,,,,,,,,,,,,,,,,,
			NonCurrentPensionAndOtherPostretirementBenefitPlans,,"1,940,000,000","4,132,000,000","6,451,000,000","4,783,000,000","2,712,000,000","3,281,000,000","5,184,000,000","3,940,000,000","3,481,000,000","2,091,000,000","4,828,000,000","4,223,000,000","3,378,000,000","3,069,000,000","1,157,000,000",,,,,,,,,,,,,,,,,,,,,,,
		PreferredSecuritiesOutsideStockEquity,,,"9,213,000,000","9,249,000,000","8,963,000,000","1,123,000,000","1,148,000,000","0",,,,,,,,,,,,,,,,,,,,,,,,,,,,,,,
		OtherNonCurrentLiabilities,"8,605,000,000","9,279,000,000","7,161,000,000","7,842,000,000","8,977,000,000","3,878,000,000","3,162,000,000","2,522,000,000","2,429,000,000","2,461,000,000","2,470,000,000","1,792,000,000","2,051,000,000","2,258,000,000","1,899,000,000","2,061,000,000","2,750,000,000","3,131,000,000","3,945,000,000","3,619,000,000","3,745,000,000","3,283,000,000","3,067,000,000","2,377,000,000","3,059,000,000","2,415,000,000","2,604,000,000","1,179,000,000","861,000,000","699,900,000","840,700,000","872,800,000","859,500,000","841,900,000","912,700,000","2,325,800,000","1,431,400,000","1,162,300,000","889,300,000"
TotalEquityGrossMinorityInterest,"113,012,000,000","108,378,000,000","102,224,000,000","97,512,000,000","102,852,000,000","53,955,000,000","46,152,000,000","47,323,000,000","48,655,000,000","48,178,000,000","48,150,000,000","41,958,000,000","39,453,000,000","39,342,000,000","35,425,000,000","33,667,000,000","32,048,000,000","33,163,000,000","27,458,000,000","26,879,000,000","24,219,000,000","23,879,000,000","23,054,000,000","24,456,000,000","20,975,000,000","19,388,000,000","17,285,000,000","16,086,000,000","6,651,000,000","5,508,300,000","5,030,500,000","4,704,600,000","3,871,300,000","3,488,600,000","3,044,000,000","2,359,300,000","1,845,400,000","1,418,700,000","1,184,900,000"
	StockholdersEquity,"99,277,000,000","95,008,000,000","88,553,000,000","83,583,000,000","88,877,000,000","48,773,000,000","41,315,000,000","43,265,000,000","44,525,000,000","44,958,000,000","45,429,000,000","39,759,000,000","37,385,000,000","37,519,000,000","33,734,000,000","32,323,000,000","30,753,000,000","31,820,000,000","26,210,000,000","26,081,000,000","23,791,000,000","23,445,000,000","22,672,000,000","24,100,000,000","20,975,000,000","19,388,000,000","17,285,000,000","16,086,000,000","6,651,000,000","5,508,300,000","5,030,500,000","4,704,600,000","3,871,300,000","3,488,600,000","3,044,000,000","2,359,300,000","1,845,400,000","1,418,700,000","1,184,900,000"
		CapitalStock,"57,383,000,000","56,398,000,000","55,471,000,000","54,497,000,000","53,907,000,000","36,779,000,000","36,248,000,000","35,859,000,000","35,122,000,000","34,301,000,000","33,440,000,000","31,731,000,000","30,296,000,000","28,736,000,000","27,038,000,000","26,546,000,000","24,207,000,000","22,377,000,000","13,288,000,000","12,447,000,000","12,154,000,000","12,107,000,000","12,096,000,000","9,920,000,000","9,324,000,000","8,995,000,000",,,,,,,,,,,,,
			PreferredStock,"0","0","0","0","0","0","0","0","0","0","0","0","0","0","0","0",,,,,,,,,,,,,,,,,,,,,,,
			CommonStock,"57,383,000,000","56,398,000,000","55,471,000,000","54,497,000,000","53,907,000,000","36,779,000,000","36,248,000,000","35,859,000,000","35,122,000,000","34,301,000,000","33,440,000,000","31,731,000,000","30,296,000,000","28,736,000,000","27,038,000,000","26,546,000,000","24,207,000,000","22,377,000,000","13,288,000,000","12,447,000,000","12,154,000,000","12,107,000,000","12,096,000,000","9,920,000,000","9,324,000,000","8,995,000,000",,,,,,,,,,,,,
		RetainedEarnings,"46,093,000,000","43,636,000,000","40,429,000,000","38,315,000,000","42,494,000,000","82,679,000,000","72,606,000,000","66,088,000,000","59,028,000,000","53,734,000,000","47,758,000,000","42,965,000,000","38,375,000,000","34,327,000,000","31,033,000,000","28,413,000,000","24,805,000,000","20,630,000,000","17,775,000,000","15,732,000,000","13,817,000,000","12,979,000,000","12,171,000,000","12,767,000,000","12,281,000,000","10,981,000,000","9,543,000,000","7,933,000,000","6,990,000,000","5,790,300,000","4,833,100,000","4,661,900,000","3,950,500,000","3,401,100,000","2,651,200,000","2,009,700,000","1,538,200,000","1,135,500,000","929,200,000"
		TreasuryStock,"907,000,000","907,000,000","907,000,000","907,000,000","907,000,000","67,588,000,000","64,011,000,000","54,703,000,000","47,204,000,000","41,109,000,000","34,582,000,000","31,671,000,000","28,656,000,000","23,663,000,000","22,693,000,000","22,555,000,000","18,102,000,000","11,179,000,000","4,281,000,000","1,862,000,000","1,527,000,000","1,395,000,000","1,395,000,000","689,000,000","605,000,000","593,000,000",,,,,,,,,,,,,
		GainsLossesNotAffectingRetainedEarnings,"-3,292,000,000","-4,119,000,000","-6,440,000,000","-8,322,000,000","-6,617,000,000","-3,097,000,000","-3,528,000,000","-3,979,000,000","-2,421,000,000","-1,968,000,000","-1,187,000,000","-3,266,000,000","-2,630,000,000","-1,881,000,000","-1,644,000,000","-81,000,000","-157,000,000","-8,000,000","-572,000,000","-236,000,000","-653,000,000","-246,000,000","-200,000,000","2,102,000,000","-25,000,000","5,000,000",,,,,,,,,,,,,
			ForeignCurrencyTranslationAdjustments,,,,,,,,,,,,,,,,"137,000,000","164,000,000",,,"86,000,000","63,000,000",,,,"-25,000,000","13,000,000",,,,,,,,,,,,,
			OtherEquityAdjustments,"-3,292,000,000","-4,119,000,000","-6,440,000,000","-8,322,000,000","-6,617,000,000","-3,097,000,000","-3,528,000,000","-3,979,000,000","-2,421,000,000","-1,968,000,000","-1,187,000,000","-3,266,000,000",,,,"-218,000,000","-321,000,000",,,"-322,000,000","-716,000,000",,,,,"-8,000,000",,,,,,,,,,,,,
		OtherEquityInterest,,,,,,,,,,,,,,,,,,,,,,,,,,"8,407,000,000","7,742,000,000","8,153,000,000","-339,000,000","-282,000,000","197,400,000","42,700,000","-79,200,000","87,500,000","392,800,000","349,600,000","307,200,000","283,200,000","255,700,000"
	MinorityInterest,"13,735,000,000","13,370,000,000","13,671,000,000","13,929,000,000","13,975,000,000","5,182,000,000","4,837,000,000","4,058,000,000","4,130,000,000","3,220,000,000","2,721,000,000","2,199,000,000","2,068,000,000","1,823,000,000","1,691,000,000","1,344,000,000","1,295,000,000","1,343,000,000","1,248,000,000","798,000,000","428,000,000","434,000,000","382,000,000","356,000,000",,,,,,,,,,,,,,,
TotalCapitalization,"141,378,000,000","140,307,000,000","137,093,000,000","136,500,000,000","127,006,000,000","65,857,000,000","60,434,000,000","59,748,000,000","57,298,000,000","57,589,000,000","58,205,000,000","50,456,000,000","48,307,000,000","47,649,000,000","45,229,000,000","43,433,000,000","42,645,000,000","42,663,000,000","36,367,000,000","35,476,000,000","34,434,000,000","35,912,000,000","31,612,000,000","31,059,000,000","30,253,000,000","28,950,000,000","27,456,000,000","24,124,000,000","9,635,000,000","8,327,600,000","7,416,300,000","6,745,600,000","5,956,200,000","4,735,900,000","3,390,800,000","2,783,100,000","2,374,900,000","1,958,700,000","2,008,000,000"
CommonStockEquity,"99,277,000,000","95,008,000,000","88,553,000,000","83,583,000,000","88,877,000,000","48,773,000,000","41,315,000,000","43,265,000,000","44,525,000,000","44,958,000,000","45,429,000,000","39,759,000,000","37,385,000,000","37,519,000,000","33,734,000,000","32,323,000,000","30,753,000,000","31,820,000,000","26,210,000,000","26,081,000,000","23,791,000,000","23,445,000,000","22,672,000,000","24,100,000,000","20,975,000,000","19,388,000,000","17,285,000,000","16,086,000,000","6,651,000,000","5,508,300,000","5,030,500,000","4,704,600,000","3,871,300,000","3,488,600,000","3,044,000,000","2,359,300,000","1,845,400,000","1,418,700,000","1,184,900,000"
CapitalLeaseObligations,"3,464,000,000","3,239,000,000","3,229,000,000","2,911,000,000",,,,,,,"274,000,000","284,000,000","288,000,000","224,000,000","226,000,000","241,000,000","274,000,000",,,"339,000,000",,,,,,,,,,,,,,,,,,,
NetTangibleAssets,"9,149,000,000","2,274,000,000","-6,633,000,000","-13,279,000,000","-14,631,000,000","10,692,000,000","2,894,000,000","8,506,000,000","9,527,000,000","9,643,000,000","10,735,000,000","9,634,000,000","8,119,000,000","8,338,000,000","9,804,000,000","8,430,000,000","1,051,000,000","1,173,000,000","1,078,000,000","6,300,000,000","4,039,000,000","3,586,000,000","7,830,000,000","7,983,000,000","5,280,000,000","3,619,000,000","1,274,000,000","-1,892,000,000","6,651,000,000","5,508,300,000","5,030,500,000","4,704,600,000","3,871,300,000","3,488,600,000","3,044,000,000","2,359,300,000","1,845,400,000","1,418,700,000","1,184,900,000"
WorkingCapital,"1,624,000,000","25,000,000","2,580,000,000","8,623,000,000","-3,217,000,000","-1,035,000,000","-3,706,000,000","124,000,000","424,000,000","1,877,000,000","2,405,000,000","896,000,000","1,669,000,000","1,225,000,000","2,955,000,000","75,000,000","-77,000,000","-648,000,000","-323,000,000","-1,690,000,000","-355,000,000","30,000,000","585,000,000","-839,000,000","2,493,000,000","1,850,000,000","1,377,000,000","-1,740,000,000","3,616,000,000","2,585,300,000","2,790,500,000","2,339,700,000","1,249,400,000","832,900,000","399,800,000","0","0","0","0"
InvestedCapital,"145,708,000,000","143,377,000,000","142,959,000,000","142,211,000,000","135,863,000,000","69,647,000,000","66,606,000,000","63,435,000,000","61,861,000,000","59,753,000,000","59,717,000,000","54,070,000,000","51,362,000,000","49,999,000,000","46,435,000,000","46,962,000,000","45,925,000,000","45,345,000,000","38,677,000,000","39,569,000,000","36,891,000,000","37,575,000,000","32,441,000,000","33,561,000,000","32,668,000,000","31,073,000,000","28,353,000,000","28,428,000,000","9,635,000,000","8,445,200,000","7,416,300,000","6,927,000,000","6,085,100,000","5,073,200,000","3,904,600,000","2,783,100,000","2,374,900,000","1,958,700,000","2,008,000,000"
TangibleBookValue,"9,149,000,000","2,274,000,000","-6,633,000,000","-13,279,000,000","-14,631,000,000","10,692,000,000","2,894,000,000","8,506,000,000","9,527,000,000","9,643,000,000","10,735,000,000","9,634,000,000","8,119,000,000","8,338,000,000","9,804,000,000","8,430,000,000","1,051,000,000","1,173,000,000","1,078,000,000","6,300,000,000","4,039,000,000","3,586,000,000","7,830,000,000","7,983,000,000","5,280,000,000","3,619,000,000","1,274,000,000","-1,892,000,000","6,651,000,000","5,508,300,000","5,030,500,000","4,704,600,000","3,871,300,000","3,488,600,000","3,044,000,000","2,359,300,000","1,845,400,000","1,418,700,000","1,184,900,000"
TotalDebt,"49,895,000,000","51,608,000,000","57,635,000,000","61,539,000,000","46,986,000,000","20,874,000,000","25,291,000,000","20,170,000,000","17,336,000,000","14,795,000,000","14,288,000,000","14,595,000,000","14,265,000,000","12,704,000,000","12,927,000,000","14,880,000,000","15,446,000,000","13,525,000,000","12,467,000,000","13,488,000,000","13,100,000,000","14,130,000,000","9,769,000,000","9,461,000,000","11,693,000,000","11,685,000,000","11,068,000,000","12,342,000,000","2,984,000,000","2,936,900,000","2,385,800,000","2,222,400,000","2,213,800,000","1,584,600,000","860,600,000","423,800,000","529,500,000","540,000,000","823,100,000"
NetDebt,"32,249,000,000","36,754,000,000","38,447,000,000","40,714,000,000","41,568,000,000","16,724,000,000","21,274,000,000","15,560,000,000","13,067,000,000","11,374,000,000","10,357,000,000","10,924,000,000","10,792,000,000","9,758,000,000","9,284,000,000","11,638,000,000","11,502,000,000","11,114,000,000","10,744,000,000","11,446,000,000","11,517,000,000","12,891,000,000","9,151,000,000","8,619,000,000","11,279,000,000","11,558,000,000","10,751,000,000","12,064,000,000","1,907,000,000","2,750,000,000","2,022,800,000","1,457,600,000","1,327,700,000","764,800,000","479,800,000","423,800,000","529,500,000","540,000,000","823,100,000"
ShareIssued,"1,849,000,000","1,800,000,000","1,837,000,000","1,826,063,365","1,800,000,000","2,900,000,000","2,900,000,000","2,900,000,000","2,800,000,000","2,800,000,000","2,800,000,000","2,800,000,000","2,700,000,000","2,700,000,000","2,600,000,000","2,600,000,000","1,962,200,000","2,064,000,000","2,007,200,000","2,054,584,875","2,013,300,000","2,018,600,000","2,018,600,000","2,114,300,000","2,071,000,000","2,071,000,000","2,024,999,973","2,024,024,000","1,574,775,000","1,573,874,000","1,608,108,000","1,574,775,000","1,563,964,000","1,583,183,000","1,625,225,000","1,600,000,000","1,581,982,000","1,569,970,000","1,554,066,000"
OrdinarySharesNumber,"1,830,000,000","1,781,000,000","1,818,000,000","1,807,063,365","1,781,000,000","1,500,000,000","1,500,000,000","1,600,000,000","1,600,000,000","1,700,000,000","1,800,000,000","1,800,000,000","1,762,200,000","1,896,900,000","1,818,300,000","1,822,900,000","1,962,200,000","2,064,000,000","2,007,200,000","2,054,584,875","2,013,300,000","2,018,600,000","2,018,600,000","2,114,300,000","2,071,000,000","2,071,000,000","2,024,999,973","2,024,024,000","1,574,775,000","1,573,874,000","1,608,108,000","1,574,775,000","1,563,964,000","1,583,183,000","1,625,225,000","1,600,000,000","1,581,982,000","1,569,970,000","1,554,066,000"
TreasurySharesNumber,"19,000,000","19,000,000","19,000,000","19,000,000","19,000,000","1,400,000,000","1,400,000,000","1,300,000,000","1,200,000,000","1,100,000,000","1,000,000,000","1,000,000,000","937,800,000","803,100,000","781,700,000","777,100,000",,,,,,,,,,,,,,,,,,,,,,,